,Req_clusters,Resp_clusters,Cond_clusters
0,"['Аналитический склад ума', 'Паттерны проектирования', 'Банковские продукты', 'Понимание банковской финансовой сферы', 'Оптимизация SQL запросов', 'Знание банковских продуктов', 'Confluence Jira', 'MS Office', 'Написание функциональных-требований', 'Написание запросов', 'Составления бизнес-требований']","['Интеграционное тестирование', 'Автоматизированное тестирование', 'Документирование', 'Планирование', 'Тестирование', 'Оптимизация бизнес-процессов', 'Анализ', 'Управление', 'Документация', 'Моделирование', 'Автоматизация бизнес-процессов', 'Сбор информации', 'Сбор требований', 'Защита информации', 'Взаимодействие с разработчиками', 'Сбор бизнес требований']","['Корпоративная библиотека', 'Достойная заработная плата', 'Обучение', 'Возможность влиять']"
1,"['Внедрение и сопровождение', 'Разработка внедрение сопровождение ПО']","['Функциональное тестирование', 'Планирование', 'Тестирование', 'Документирование', 'Моделирование', 'Документация', 'Техническое задание', 'Консультирование', 'Сбор требований', 'Сопровождение', 'Внедрение']","['Профессиональная команда', 'Корпоративная библиотека', 'Профессиональный рост', 'Возможность влиять', 'Профессиональное развитие', 'Корпоративные мероприятия', 'Достойная заработная плата', 'Оформление по тк', 'Страхование', 'Стабильная компания', 'Обучение']"
2,"['Коммуникабельность', 'Внимательность', 'Организация взаимодействия']","['Исправление дефектов', 'Автоматизация', 'Тестирование', 'Оптимизация бизнес-процессов', 'Управление', 'Документация', 'Документирование', 'Функциональное тестирование', 'Нагрузочное тестирование', 'Интеграционное тестирование', 'Автоматизированное тестирование', 'Автоматизация бизнес-процессов', 'Банковское ПО', 'Оптимизация запросов', 'Установка ПО', 'Техническая поддержка', 'Планирование', 'Моделирование', 'Техническое задание', 'Взаимодействие с бизнес заказчиками', 'Взаимодействие с разработчиками']","['Комфортный офис', 'Премии', 'Профессиональная команда', 'Корпоративная библиотека', 'Профессиональный рост', 'Доход по результатам', 'Социальный пакет', 'Возможность влиять', 'Профессиональное развитие', 'Корпоративные мероприятия', 'Оформление по тк', 'Достойная заработная плата', 'Страхование', 'Обучение']"
3,"['Внимательность', 'Организация взаимодействия с бизнес-заказчиками', 'Организация взаимодействия']","['Интеграционное тестирование', 'Автоматизированное тестирование', 'Функциональное тестирование', 'Планирование', 'Документирование', 'Тестирование', 'Документация', 'Техническое задание', 'Взаимодействие с бизнес заказчиками', 'Сбор требований', 'Взаимодействие с разработчиками', 'Сбор функциональных требований', 'Сбор бизнес требований']","['Комфортный офис', 'Премии', 'Профессиональная команда', 'Корпоративная библиотека', 'Профессиональный рост', 'Социальный пакет', 'Возможность влиять', 'Профессиональное развитие', 'Корпоративные мероприятия', 'Оформление по тк', 'Достойная заработная плата', 'Страхование', 'Обучение']"
4,"['Практический опыт разработки ', 'Документирование процессов', 'Тестирование ПО', 'Ответственность за результат', 'Моделирование процессов', 'Ответственность', 'Тестирование', 'Сетевые технологии', 'Работа с требованиями', 'Разработка документов', 'Программирование', 'Проектирование архитектуры']","['Функциональное тестирование', 'Планирование', 'Тестирование', 'Управление', 'Моделирование', 'Документирование', 'Документация', 'Взаимодействие с бизнес заказчиками', 'Архитектура ПО', 'Сбор требований', 'Сопровождение', 'Взаимодействие с разработчиками', 'Сбор функциональных требований', 'Сбор бизнес требований']","['Профессиональная команда', 'Профессиональный рост', 'Возможность влиять', 'Профессиональное развитие', 'Корпоративные мероприятия', 'Оформление по тк', 'Страхование', 'Обучение']"
